{
  "wikidata": 0.34489447900049747,
  "wikipedia": 0.21507850991713684,
  "semanticscholar": 0.20659020674780912,
  "ddg-search": 0.18782781286001474,
  "arxiv": 0.17043721306642995
}