{
  "wikidata": 0.7255012654077159,
  "semanticscholar": 0.2993340978698975,
  "wikipedia": 0.25385281091554657,
  "ddg-search": 0.2475372528621399,
  "arxiv": 0.056190844339761514
}