{
  "ddg-search": 0.29042482987618945,
  "wikidata": 0.22245404702313237,
  "wikipedia": 0.18830301977043387,
  "semanticscholar": 0.16780224868702986,
  "arxiv": 0.08677351707698021
}