{
  "ddg-search": 0.4059128238356571,
  "wikipedia": 0.3589869978029275,
  "arxiv": 0.23292019716527415,
  "wikidata": 0.08579243300579496,
  "semanticscholar": -0.010048569729914043
}