{
  "ddg-search": 0.3630870351220288,
  "semanticscholar": 0.30012338931415217,
  "arxiv": 0.2991593995244945,
  "wikidata": 0.15070150005126637,
  "wikipedia": 0.11366346644607847
}